ID,OrderID,ProductID,Quantity,Unitprice,Discount
30,21,2,6,1479,0.04
31,21,36,4,600,0
32,21,8,4,719,0
33,22,50,3,2310,0
34,22,46,3,3200,0
35,22,47,3,3500,0
36,23,35,2,450,0
37,23,47,1,3500,0
38,24,22,1,999,0.1
39,25,12,1,1032,0.07
40,26,10,1,1600,0
41,27,14,1,1205,0
42,28,8,1,719,0
43,29,8,1,719,0
44,31,19,1,700,0.05
45,32,3,1,1600,0
46,33,2,2,1479,0.04
47,33,3,1,1600,0
48,34,2,1,1479,0.04
49,35,18,1,500,0
50,35,20,1,465,0
51,36,17,2,999,0
52,36,18,1,500,0
53,36,19,1,700,0.05
54,38,2,2,1479,0.04
55,38,3,1,1600,0
56,39,33,1,450,0.09
57,39,34,1,700,0
58,40,33,1,450,0.09
59,40,35,1,450,0
60,40,36,1,600,0
61,40,77,1,400,0
62,41,20,1,300,0
63,41,27,1,500,0
64,41,88,2,280,0.05
65,41,43,3,123,0
66,41,45,1,234,0
67,42,67,1,233,0
68,42,66,1,424,0
69,42,13,1,414,0
70,42,11,1,451,0.04
71,43,14,1,515,0
72,43,18,1,616,0
73,43,11,1,888,0
74,44,16,1,666,0
75,44,77,1,545,0
76,44,66,1,424,0
77,45,33,1,515,0
78,45,43,1,651,0
79,45,23,1,617,0
80,45,45,1,151,0
81,45,71,1,587,0
82,46,14,1,717,0
83,46,16,1,617,0
84,46,15,1,821,0
85,46,71,1,911,0
86,46,77,1,921,0
87,46,66,1,666,0
88,47,43,2,878,0
89,47,44,2,651,0.05
90,47,77,2,616,0
91,47,14,1,821,0
92,47,13,1,232,0.04
93,48,41,1,451,0
94,48,45,1,576,0
95,48,15,1,787,0
96,48,43,1,611,0
97,48,77,1,777,0
98,49,66,6,666,0
99,49,15,2,451,0
100,49,14,1,611,0.06
101,49,51,1,616,0.05
102,49,11,1,111,0
103,50,43,1,618,0
104,50,14,1,617,0
105,50,61,1,781,0
106,50,66,6,666,0
107,50,45,2,772,0
108,51,61,1,516,0
109,51,66,2,617,0
110,51,15,2,167,0
111,51,67,1,600,0
112,52,66,1,666,0
113,52,77,7,777,0.5
114,52,14,1,151,0
115,52,15,1,117,0
116,52,13,1,667,0
117,53,66,1,555,0.1
118,53,16,1,111,0
119,53,61,1,671,0
120,53,13,1,124,0.01
121,54,18,2,661,0
122,54,66,1,666,0
123,54,77,1,712,0
124,54,61,3,617,0
125,54,15,2,781,0
126,55,43,2,711,0
127,55,13,3,718,0
128,55,15,1,811,0
129,55,61,1,178,0
130,55,77,1,831,0.06
131,56,66,2,161,0.09
132,56,15,1,651,0
133,56,12,1,617,0
134,56,11,1,619,0
135,56,16,1,253,0
136,57,11,1,616,0
137,57,43,2,717,0
138,57,45,2,906,0.06
139,57,14,4,234,0
140,57,16,1,781,0
141,97,45,1,4999,0
142,97,46,1,3200,0
143,98,49,1,1020,0
144,99,48,1,2920,0
145,99,49,1,1020,0
146,99,46,1,3200,0
147,100,52,1,2630,0
148,100,45,2,4999,0
149,101,48,1,2920,0
150,101,49,1,1020,0
151,102,2,1,1479,0.04
152,103,18,1,500,0
153,104,46,1,3200,0
154,104,47,1,3500,0
155,105,48,1,2920,0
156,105,49,2,1020,0
157,105,50,2,2310,0
158,105,51,1,2605,0
159,105,52,2,2630,0
160,105,77,1,3500,0
161,105,45,1,4999,0
162,105,46,1,3200,0
163,105,47,1,3500,0
164,106,45,2,4999,0
165,106,47,1,3500,0
166,107,49,1,1020,0
167,107,52,2,2630,0
168,107,45,1,4999,0
169,107,47,1,3500,0
170,108,128,1,2200,0.01
171,108,123,1,1680,0.01
172,108,124,1,1790,0.02
173,108,126,1,1296,0.01
174,108,127,1,1296,0.01
175,109,128,1,2200,0.01
176,109,121,1,2200,0.09
177,109,123,1,1680,0.01
178,109,125,1,1590,0.01
179,109,127,2,1296,0.01
180,110,128,1,2200,0.01
181,110,121,1,2200,0.09
182,110,123,1,1680,0.01
183,110,124,1,1790,0.02
184,110,125,1,1590,0.01
185,110,47,1,3500,0
186,111,128,1,2200,0.01
187,111,52,1,2630,0
188,111,45,1,4999,0
189,111,125,1,1590,0.01
190,111,46,1,3200,0
191,111,126,1,1296,0.01
192,112,48,1,2920,0
193,112,51,1,2605,0
194,112,52,1,2630,0
195,112,127,1,1296,0.01
196,113,50,1,2310,0
197,113,122,1,2500,0.03
198,113,125,1,1590,0.01
199,113,126,1,1296,0.01
200,114,45,1,4999,0
201,114,46,1,3200,0
202,114,47,1,3500,0
203,115,123,1,1680,0.01
204,115,124,1,1790,0.02
205,115,45,1,4999,0
206,115,125,1,1590,0.01
207,115,126,1,1296,0.01
208,115,127,1,1296,0.01
209,116,121,1,2200,0.09
210,116,122,1,2500,0.03
211,116,123,1,1680,0.01
212,116,45,1,4999,0
213,116,125,1,1590,0.01
214,117,125,1,1590,0.01
215,117,46,1,3200,0
216,118,128,1,2200,0.01
217,118,48,1,2920,0
218,118,45,2,4999,0
219,118,125,1,1590,0.01
220,118,126,1,1296,0.01
221,118,46,1,3200,0
222,118,127,1,1296,0.01
223,120,123,1,1680,0.01
224,120,125,1,1590,0.01
225,120,45,1,4999,0
226,120,46,1,3200,0
227,121,121,1,2200,0.09
228,121,122,1,2500,0.03
229,121,123,2,1680,0.01
230,121,125,1,1590,0.01
231,122,121,1,2200,0.09
232,122,122,1,2500,0.03
233,122,45,1,4999,0
234,123,48,1,2920,0
235,123,128,1,2200,0.01
236,123,126,2,1296,0.01
237,124,128,1,2200,0.01
238,124,122,1,2500,0.03
239,124,45,1,4999,0
240,124,125,1,1590,0.01
241,124,126,1,1296,0.01
242,125,123,1,1680,0.01
243,125,124,1,1790,0.02
244,125,126,1,1296,0.01
245,125,127,1,1296,0.01
246,126,128,1,2200,0.01
247,126,51,1,2605,0
248,126,125,1,1590,0.01
249,126,46,2,3200,0
250,127,121,1,2200,0.09
251,127,124,1,1790,0.02
252,127,125,1,1590,0.01
253,128,17,1,9999,0
254,128,20,1,465,0
255,128,22,1,999,0.1
256,128,24,1,185,0
257,128,25,1,360,0
258,128,29,2,600,0.01
259,128,31,1,200,0
260,129,18,1,500,0
261,129,19,1,700,0.05
262,130,129,1,500,0.01
263,130,132,1,600,0
264,130,22,1,999,0.1
265,130,134,2,900,0
266,130,136,1,1650,0.05
267,131,20,1,465,0
268,131,133,1,300,0
269,131,25,1,360,0
270,131,31,1,200,0
271,132,129,1,500,0.01
272,132,130,1,800,0.05
273,133,131,1,600,0
274,133,133,1,300,0
275,133,135,1,130,0.01
276,133,136,1,1650,0.05
277,134,129,1,500,0.01
278,134,131,1,600,0
279,134,133,1,300,0
280,135,129,1,500,0.01
281,135,130,1,800,0.05
282,135,131,1,600,0
283,135,134,1,900,0
284,135,136,1,1650,0.05
285,136,132,1,600,0
286,136,133,1,300,0
287,136,134,1,900,0
288,137,133,2,300,0
289,138,18,1,500,0
290,138,19,1,700,0.05
291,138,20,1,465,0
292,138,31,1,200,0
293,139,32,1,170,0
294,139,24,1,185,0
295,139,29,1,600,0.01
296,140,28,1,300,0
297,140,29,1,600,0.01
298,140,30,1,300,0
299,140,31,1,200,0
300,141,32,1,170,0
301,141,20,1,465,0
302,141,31,1,200,0
303,142,20,1,465,0
304,142,22,1,999,0.1
305,142,23,1,499,0
306,143,32,1,170,0
307,143,18,1,500,0
308,143,19,1,700,0.05
309,143,20,1,465,0
310,144,68,1,3500,0
311,144,53,1,3500,0
312,144,79,1,3500,0
313,145,137,1,1000,0.067
314,145,138,1,1100,0.067
315,145,139,2,800,0.067
316,146,141,1,3900,0.067
317,146,142,1,1300,0.067
318,146,143,1,800,0
319,147,137,2,1000,0.067
320,147,138,1,1100,0.067
321,147,139,1,800,0.067
322,147,140,2,600,0.067
323,148,138,2,1100,0.067
324,148,139,1,800,0.067
325,148,140,1,600,0.067
326,148,141,1,3900,0.067
327,149,137,2,1000,0.067
328,149,140,1,600,0.067
329,149,141,1,3900,0.067
330,149,142,1,1300,0.067
331,149,143,1,800,0
332,150,14,1,1205,0
333,150,15,1,1050,0
334,151,13,1,1080,0
335,151,15,1,1050,0
336,152,13,2,1080,0
337,152,14,1,1205,0
338,152,15,1,1050,0
339,153,6,1,1180,0
340,153,7,1,1030,0.12
341,153,8,1,719,0
342,154,6,1,1180,0
343,154,7,1,1030,0.12
344,154,8,1,719,0
345,155,5,1,580,0
346,155,7,1,1030,0.12
347,156,7,1,1030,0.12
348,156,8,1,719,0
349,157,9,1,1800,0
350,157,10,1,1600,0
351,157,11,1,1200,0
352,158,11,1,1200,0
353,158,12,1,1032,0.07
354,158,125,1,1590,0.01
355,159,11,1,1200,0
356,159,12,1,1032,0.07
357,160,11,0,1200,0
358,160,12,0,1032,0.07
359,161,11,0,1200,0
360,162,11,2,1200,0
361,162,12,1,1032,0.07
362,163,9,1,1800,0
363,163,11,1,1200,0
364,163,12,1,1032,0.07
365,164,1,1,2000,0.03
366,164,2,1,1479,0.04
367,164,3,1,1600,0
368,165,2,1,1479,0.04
369,165,3,1,1600,0
370,165,4,1,703,0
371,166,1,2,2000,0.03
372,166,2,1,1479,0.04
373,167,1,1,2000,0.03
374,167,3,1,1600,0
375,168,1,1,2000,0.03
376,168,2,1,1479,0.04
377,168,3,2,1600,0
378,168,139,1,800,0.067
379,168,142,1,1300,0.067
380,168,143,1,800,0
381,169,1,1,2000,0.03
382,169,2,1,1479,0.04
383,169,138,1,1100,0.067
384,169,140,1,600,0.067
385,169,142,1,1300,0.067
386,170,2,1,1479,0.04
387,170,137,1,1000,0.067
388,170,138,1,1100,0.067
389,170,140,1,600,0.067
390,171,138,1,1100,0.067
391,171,139,1,800,0.067
392,171,141,1,3900,0.067
393,172,54,1,3500,0
394,172,57,1,3500,0
395,182,48,1,2920,0
396,183,55,1,3500,0
397,184,53,1,3500,0
398,184,57,1,3500,0
399,184,59,1,3500,0
400,185,60,1,3500,0
401,188,58,1,3500,0
402,190,49,1,1020,0
403,190,51,1,2605,0
404,190,46,1,3200,0
405,195,74,1,3500,0
406,196,76,1,3500,0
407,197,52,1,2630,0
408,197,44,1,390,0
409,198,66,1,3500,0
410,198,77,1,3500,0
411,200,78,1,3500,0
412,200,79,1,3500,0
413,203,72,1,3500,0
414,208,80,1,3500,0
415,209,67,1,3500,0
416,211,50,1,2310,0
417,211,69,1,3500,0
418,212,61,1,3500,0
419,213,41,1,1700,0
420,213,62,1,3500,0
421,218,64,1,3500,0
422,220,71,1,3500,0
423,221,73,1,3500,0
424,226,65,1,3500,0
425,226,68,1,3500,0
426,228,56,1,3500,0
427,230,63,1,3500,0
428,247,75,1,3500,0
429,252,47,1,3500,0
430,257,70,1,3500,0
431,268,65,1,3500,0
432,268,72,1,3500,0
433,268,75,1,3500,0
434,268,62,1,3500,0
435,269,70,1,3500,0
436,269,60,1,3500,0
437,269,61,1,3500,0
438,270,71,1,3500,0
439,270,75,1,3500,0
440,270,78,1,3500,0
441,270,63,1,3500,0
442,271,65,1,3500,0
443,271,67,1,3500,0
444,271,72,1,3500,0
445,271,73,1,3500,0
446,272,80,1,3500,0
447,273,76,1,3500,0
448,273,77,1,3500,0
449,273,62,1,3500,0
450,274,79,1,3500,0
451,275,74,1,3500,0
452,276,68,1,3500,0
453,278,69,1,3500,0
454,279,66,1,3500,0
455,284,64,1,3500,0
456,315,65,1,3500,0
457,315,60,1,3500,0
458,315,77,1,3500,0
459,315,78,1,3500,0
460,315,63,1,3500,0
461,316,80,1,3500,0
462,316,69,1,3500,0
463,316,75,1,3500,0
464,317,70,1,3500,0
465,317,71,1,3500,0
466,317,74,1,3500,0
467,317,79,1,3500,0
468,320,72,1,3500,0
469,320,73,1,3500,0
470,321,66,1,3500,0
471,321,76,1,3500,0
472,322,68,1,3500,0
473,323,67,1,3500,0
474,324,61,1,3500,0
475,324,62,1,3500,0
476,331,65,1,3500,0
477,331,71,1,3500,0
478,331,60,1,3500,0
479,331,77,1,3500,0
480,331,61,1,3500,0
481,332,72,1,3500,0
482,332,76,1,3500,0
483,333,67,1,3500,0
484,333,63,1,3500,0
485,334,67,1,3500,0
486,334,69,1,3500,0
487,334,72,1,3500,0
488,335,64,1,3500,0
489,335,75,1,3500,0
490,335,76,1,3500,0
491,336,68,1,3500,0
492,336,73,1,3500,0
493,337,74,1,3500,0
494,337,63,1,3500,0
495,338,79,1,3500,0
496,339,70,1,3500,0
497,340,80,1,3500,0
498,340,67,1,3500,0
499,340,69,1,3500,0
500,340,73,1,3500,0
501,340,74,1,3500,0
502,340,75,1,3500,0
503,340,76,1,3500,0
504,340,61,1,3500,0
505,340,77,1,3500,0
506,340,78,1,3500,0
507,340,63,1,3500,0
508,341,64,1,3500,0
509,341,62,1,3500,0
510,341,79,1,3500,0
511,342,65,1,3500,0
512,342,72,1,3500,0
513,342,74,1,3500,0
514,342,76,1,3500,0
515,343,67,1,3500,0
516,343,72,1,3500,0
517,343,73,1,3500,0
518,343,76,1,3500,0
519,344,66,1,3500,0
520,344,70,1,3500,0
521,344,74,1,3500,0
522,344,75,1,3500,0
523,344,77,1,3500,0
524,345,64,1,3500,0
525,345,67,2,3500,0
526,345,75,1,3500,0
527,345,62,2,3500,0
528,346,65,1,3500,0
529,346,67,1,3500,0
530,346,68,1,3500,0
531,346,76,1,3500,0
532,346,78,1,3500,0
533,347,61,1,3500,0
534,347,78,1,3500,0
535,347,63,1,3500,0
536,348,70,1,3500,0
537,348,62,1,3500,0
538,348,79,1,3500,0
539,349,66,1,2590,0
540,349,67,1,2690,0
541,349,75,1,2587,0
542,349,77,1,2500,0
543,350,80,1,2540,0
544,350,67,1,2690,0
545,350,74,1,2600,0
546,350,75,1,2587,0
547,350,78,1,2601,0
548,351,64,1,2600,0
549,351,75,1,2587,0
550,351,78,2,2601,0
551,351,79,1,3500,0
552,352,64,1,2600,0
553,352,73,1,2405,0
554,352,78,1,2601,0
555,353,80,1,2540,0
556,353,77,1,2500,0
557,353,78,1,2601,0
558,354,64,1,2600,0
559,354,69,1,2510,0
560,354,72,1,2530,0
561,354,77,1,2500,0
562,354,78,1,2601,0
563,355,68,1,2680,0
564,355,71,2,2360,0
565,355,72,1,2530,0
566,355,75,2,2587,0
567,356,64,1,2600,0
568,356,62,1,2900,0
569,356,79,1,3500,0
570,356,63,1,2540,0
571,357,80,3,2540,0
572,357,64,1,2600,0
573,357,66,1,2590,0
574,357,76,1,2514,0
575,357,77,1,2500,0
576,358,80,1,2540,0
577,358,76,1,2514,0
578,358,77,2,2500,0
579,358,62,1,2900,0
580,359,65,1,2640,0
581,359,68,1,2680,0
582,359,77,1,2500,0
583,359,62,1,2900,0
584,359,79,1,3500,0
585,360,64,1,2600,0
586,360,75,2,2587,0
587,361,64,2,2600,0
588,361,69,1,2510,0
589,361,75,2,2587,0
590,361,63,1,2540,0
591,362,80,1,2540,0
592,362,69,1,2510,0
593,362,71,1,2360,0
594,362,74,2,2600,0
595,363,66,1,2590,0
596,363,69,1,2510,0
597,363,75,1,2587,0
598,363,62,1,2900,0
599,364,68,1,2680,0
600,364,72,1,2530,0
601,364,78,1,2601,0
602,365,68,2,2680,0
603,365,72,1,2530,0
604,365,73,1,2405,0
605,366,75,1,2587,0
606,366,63,1,2540,0
607,366,79,1,3500,0
608,367,70,1,2356,0
609,367,73,1,2405,0
610,367,75,1,2587,0
611,367,78,1,2601,0
612,368,64,1,2600,0
613,368,67,1,2690,0
614,368,71,1,2360,0
615,368,72,1,2530,0
616,368,75,2,2587,0
617,368,62,1,2900,0
618,369,64,1,2600,0
619,369,73,1,2405,0
620,369,61,1,2600,0
621,370,67,1,2690,0
622,370,72,1,2530,0
623,370,74,1,2600,0
624,370,62,1,2900,0
625,370,63,1,2540,0
626,371,67,1,2690,0
627,371,68,2,2680,0
628,371,70,1,2356,0
629,371,71,1,2360,0
630,372,66,1,2590,0
631,372,69,1,2510,0
632,372,73,1,2405,0
633,372,62,1,2900,0
634,373,75,1,2587,0
635,373,78,1,2601,0
636,374,65,1,2640,0
637,374,68,1,2680,0
638,374,71,1,2360,0
639,375,64,1,2600,0
640,375,67,1,2690,0
641,376,66,1,2590,0
642,376,68,1,2680,0
643,376,75,1,2587,0
644,377,71,1,2360,0
645,377,74,1,2600,0
646,377,61,1,2600,0
647,377,62,1,2900,0
648,377,63,1,2540,0
649,378,65,1,2640,0
650,378,72,1,2530,0
651,378,77,2,2500,0
652,379,71,1,2360,0
653,379,62,1,2900,0
654,379,79,2,3500,0
655,380,80,1,2540,0
656,380,69,1,2510,0
657,381,80,1,2540,0
658,381,66,1,2590,0
659,381,71,1,2360,0
660,381,62,1,2900,0
661,381,79,1,3500,0
662,382,71,2,2360,0
663,382,75,1,2587,0
664,382,77,1,2500,0
665,382,78,1,2601,0
666,383,64,1,2600,0
667,383,70,2,2356,0
668,384,71,1,2360,0
669,384,75,1,2587,0
670,384,78,1,2601,0
671,385,65,1,2640,0
672,385,66,2,2590,0
673,385,67,1,2690,0
674,385,68,1,2680,0
675,386,64,1,2600,0
676,386,80,1,2540,0
677,386,71,1,2360,0
678,386,62,1,2900,0
679,386,78,1,2601,0
680,386,63,1,2540,0
681,387,65,3,2640,0
682,387,67,1,2690,0
683,387,61,1,2600,0
684,388,68,1,2680,0
685,388,71,1,2360,0
686,388,63,1,2540,0
687,389,68,1,2680,0
688,389,62,1,2900,0
689,389,79,1,3500,0
690,390,64,1,2600,0
691,390,62,1,2900,0
692,390,78,1,2601,0
693,390,63,1,2540,0
694,391,80,1,2540,0
695,391,64,1,2600,0
696,391,72,1,2530,0
697,391,77,1,2500,0
698,391,78,1,2601,0
699,391,79,1,3500,0
700,392,75,1,2587,0
701,392,79,1,3500,0
702,393,69,1,2510,0
703,393,70,1,2356,0
704,393,72,1,2530,0
705,393,75,1,2587,0
706,393,76,1,2514,0
707,394,66,1,2590,0
708,394,72,1,2530,0
709,394,62,1,2900,0
710,395,68,2,2680,0
711,395,69,1,2510,0
712,395,77,1,2500,0
713,396,64,1,2600,0
714,396,66,1,2590,0
715,396,72,1,2530,0
716,396,79,1,3500,0
717,397,64,1,2600,0
718,397,68,1,2680,0
719,397,79,2,3500,0
720,398,69,1,2510,0
721,398,72,1,2530,0
722,398,73,1,2405,0
723,398,74,1,2600,0
724,398,75,1,2587,0
725,399,71,2,2360,0
726,399,76,1,2514,0
727,400,80,2,2540,0
728,400,67,1,2690,0
729,400,72,1,2530,0
730,401,80,1,2540,0
731,401,62,1,2900,0
732,401,79,1,3500,0
733,402,65,1,2640,0
734,402,68,1,2680,0
735,402,75,1,2587,0
736,402,76,1,2514,0
737,403,64,1,2600,0
738,403,73,1,2405,0
739,403,75,1,2587,0
740,403,77,1,2500,0
741,403,61,1,2600,0
742,404,65,1,2640,0
743,404,67,1,2690,0
744,404,78,1,2601,0
745,404,79,1,3500,0
746,405,68,3,2680,0
747,405,74,1,2600,0
748,406,65,1,2640,0
749,406,66,1,2590,0
750,406,61,1,2600,0
751,406,77,1,2500,0
752,407,64,1,2600,0
753,407,65,2,2640,0
754,407,69,1,2510,0
755,407,78,1,2601,0
756,407,79,1,3500,0
757,408,66,1,2590,0
758,408,74,1,2600,0
759,408,77,1,2500,0
760,408,79,2,3500,0
761,409,66,1,2590,0
762,409,74,1,2600,0
763,409,76,1,2514,0
764,409,77,1,2500,0
765,409,79,1,3500,0
766,410,66,2,2590,0
767,410,70,1,2356,0
768,410,73,1,2405,0
769,410,78,1,2601,0
770,411,68,1,2680,0
771,411,69,1,2510,0
772,411,71,1,2360,0
773,411,76,3,2514,0
774,411,77,1,2500,0
775,412,65,1,2640,0
776,412,67,1,2690,0
777,412,69,1,2510,0
778,412,70,1,2356,0
779,413,64,1,2600,0
780,413,66,1,2590,0
781,413,68,1,2680,0
782,413,71,1,2360,0
783,413,61,1,2600,0
784,413,62,1,2900,0
785,414,69,1,2510,0
786,414,71,1,2360,0
787,414,75,2,2587,0
788,414,78,1,2601,0
789,415,64,1,2600,0
790,415,80,1,2540,0
791,415,70,1,2356,0
792,415,61,1,2600,0
793,415,78,1,2601,0
794,416,73,1,2405,0
795,416,75,1,2587,0
796,416,61,1,2600,0
797,416,78,1,2601,0
798,417,68,1,2680,0
799,417,73,1,2405,0
800,417,75,1,2587,0
801,417,78,1,2601,0
802,417,79,1,3500,0
803,418,66,1,2590,0
804,418,70,1,2356,0
805,418,76,1,2514,0
806,418,62,1,2900,0
807,419,66,1,2590,0
808,419,67,1,2690,0
809,419,69,1,2510,0
810,419,61,1,2600,0
811,419,77,1,2500,0
812,420,65,1,2640,0
813,420,71,1,2360,0
814,420,73,1,2405,0
815,420,75,1,2587,0
816,420,78,1,2601,0
817,421,71,1,2360,0
818,421,72,1,2530,0
819,421,73,1,2405,0
820,421,62,1,2900,0
821,422,68,1,2680,0
822,422,70,1,2356,0
823,422,62,2,2900,0
824,423,66,1,2590,0
825,423,71,1,2360,0
826,423,74,1,2600,0
827,423,79,2,3500,0
828,424,68,1,2680,0
829,424,69,1,2510,0
830,424,63,1,2540,0
831,425,69,1,2510,0
832,425,61,1,2600,0
833,425,78,2,2601,0
834,426,70,1,2356,0
835,426,75,1,2587,0
836,426,78,2,2601,0
837,427,80,1,2540,0
838,427,73,1,2405,0
839,427,77,1,2500,0
840,427,62,1,2900,0
841,428,67,1,2690,0
842,428,72,1,2530,0
843,428,63,1,2540,0
844,429,65,2,2640,0
845,429,74,2,2600,0
846,429,62,1,2900,0
847,430,64,1,2600,0
848,430,65,1,2640,0
849,430,72,1,2530,0
850,430,78,1,2601,0
851,430,79,1,3500,0
852,431,64,1,2600,0
853,431,65,1,2640,0
854,431,69,2,2510,0
855,432,70,1,2356,0
856,432,71,1,2360,0
857,432,76,1,2514,0
858,432,78,1,2601,0
859,433,67,1,2690,0
860,433,76,1,2514,0
861,433,77,1,2500,0
862,433,78,1,2601,0
863,433,79,1,3500,0
864,433,63,1,2540,0
865,434,80,1,2540,0
866,434,72,1,2530,0
867,434,63,1,2540,0
868,435,80,1,2540,0
869,435,78,1,2601,0
870,436,65,1,2640,0
871,436,74,1,2600,0
872,436,63,1,2540,0
873,437,70,1,2356,0
874,437,71,1,2360,0
875,438,65,2,2640,0
876,438,69,1,2510,0
877,438,71,1,2360,0
878,438,74,1,2600,0
879,439,73,1,2405,0
880,439,77,2,2500,0
881,440,80,1,2540,0
882,440,67,1,2690,0
883,440,70,1,2356,0
884,440,72,1,2530,0
885,440,73,1,2405,0
886,440,61,1,2600,0
887,441,67,1,2690,0
888,441,71,1,2360,0
889,441,73,1,2405,0
890,441,76,1,2514,0
891,441,61,1,2600,0
892,441,63,1,2540,0
893,442,82,1,2800,0
894,442,90,2,1920,0
895,443,82,1,2800,0
896,443,85,1,2980,0
897,443,88,1,2640,0
898,443,91,1,1940,0
899,444,81,1,2600,0
900,444,86,1,2910,0
901,444,91,1,1940,0
902,445,84,1,2800,0
903,445,85,3,2980,0
904,446,81,2,2600,0
905,446,82,1,2800,0
906,446,86,1,2910,0
907,447,83,1,2590,0
908,447,89,1,1650,0
909,447,91,1,1940,0
910,448,81,1,2600,0
911,448,85,1,2980,0
912,448,87,1,3500,0
913,449,83,1,2590,0
914,449,88,2,2640,0
915,450,89,1,1650,0
916,450,91,2,1940,0
917,451,83,1,2590,0
918,451,84,1,2800,0
919,451,85,1,2980,0
920,451,86,1,2910,0
921,451,89,1,1650,0
922,452,81,2,2600,0
923,452,83,1,2590,0
924,452,84,1,2800,0
925,452,88,1,2640,0
926,453,85,1,2980,0
927,453,91,1,1940,0
928,454,84,2,2800,0
929,454,89,1,1650,0
930,454,90,1,1920,0
931,455,82,1,2800,0
932,455,83,1,2590,0
933,455,88,2,2640,0
934,456,81,1,2600,0
935,456,89,1,1650,0
936,456,90,1,1920,0
937,457,81,1,2600,0
938,457,88,1,2640,0
939,458,83,1,2590,0
940,458,84,1,2800,0
941,459,81,1,2600,0
942,459,90,2,1920,0
943,461,82,1,2800,0
944,461,86,1,2910,0
945,461,90,1,1920,0
946,462,97,1,1560,0
947,462,99,1,2650,0
948,462,92,1,2540,0
949,462,93,1,3610,0
950,463,97,1,1560,0
951,463,98,1,1250,0
952,463,95,1,2540,0
953,464,96,1,1600,0
954,464,100,1,2650,0
955,464,92,1,2540,0
956,464,94,1,2590,0
957,464,95,1,2540,0
958,465,97,2,1560,0
959,465,98,1,1250,0
960,465,93,1,3610,0
961,466,98,1,1250,0
962,466,93,1,3610,0
963,466,95,1,2540,0
964,467,96,1,1600,0
965,467,97,1,1560,0
966,467,93,1,3610,0
967,467,94,1,2590,0
968,468,98,1,1250,0
969,468,100,1,2650,0
970,468,94,1,2590,0
971,468,95,1,2540,0
972,469,97,1,1560,0
973,469,92,1,2540,0
974,469,95,1,2540,0
975,470,99,1,2650,0
976,470,93,1,3610,0
977,470,94,1,2590,0
978,471,96,3,1600,0
979,471,98,1,1250,0
980,471,100,1,2650,0
981,472,99,1,2650,0
982,473,100,1,2650,0
983,473,92,1,2540,0
984,473,94,1,2590,0
985,474,96,1,1600,0
986,474,99,1,2650,0
987,475,99,1,2650,0
988,475,100,1,2650,0
989,476,92,1,2540,0
990,477,96,1,1600,0
991,482,65,1,2640,0
992,482,73,1,2405,0
993,482,74,1,2600,0
994,482,77,1,2500,0
995,482,61,1,2600,0
996,483,71,2,2360,0
997,483,62,1,2900,0
998,484,80,1,2540,0
999,484,67,2,2690,0
1000,484,61,1,2600,0
1001,485,80,1,2540,0
1002,485,69,1,2510,0
1003,485,72,1,2530,0
1004,485,74,1,2600,0
1005,485,63,1,2540,0
1006,486,64,2,2600,0
1007,486,76,1,2514,0
1008,486,77,1,2500,0
1009,486,62,1,2900,0
1010,487,80,1,2540,0
1011,487,68,1,2680,0
1012,487,76,1,2514,0
1013,488,67,1,2690,0
1014,488,69,1,2510,0
1015,489,65,1,2640,0
1016,489,70,1,2356,0
1017,489,63,1,2540,0
1018,489,79,1,3500,0
1019,490,74,1,2600,0
1020,490,75,1,2587,0
1021,490,77,1,2500,0
1022,491,65,2,2640,0
1023,491,70,1,2356,0
1024,491,72,1,2530,0
1025,491,63,1,2540,0
1026,492,64,1,2600,0
1027,492,73,1,2405,0
1028,492,63,1,2540,0
1029,493,80,2,2540,0
1030,493,64,1,2600,0
1031,493,73,1,2405,0
1032,494,80,1,2540,0
1033,494,67,1,2690,0
1034,494,71,1,2360,0
1035,494,63,1,2540,0
1036,495,64,1,2600,0
1037,495,80,1,2540,0
1038,495,70,1,2356,0
1039,495,77,1,2500,0
1040,495,62,1,2900,0
1041,496,64,1,2600,0
1042,496,71,1,2360,0
1043,496,74,1,2600,0
1044,497,65,1,2640,0
1045,497,71,1,2360,0
1046,497,75,1,2587,0
1047,498,66,1,2590,0
1048,498,77,2,2500,0
1049,498,79,2,3500,0
1050,499,76,1,2514,0
1051,500,68,2,2680,0
1052,500,77,2,2500,0
1053,501,65,1,2640,0
1054,501,74,1,2600,0
1055,501,76,1,2514,0
1056,501,61,1,2600,0
1057,501,62,1,2900,0
1058,502,66,1,2590,0
1059,502,72,1,2530,0
1060,502,63,1,2540,0
1061,503,67,1,2690,0
1062,503,61,1,2600,0
1063,503,62,2,2900,0
1064,503,63,1,2540,0
1065,504,71,1,2360,0
1066,504,77,1,2500,0
1067,504,61,1,2600,0
1068,504,63,1,2540,0
1069,505,80,1,2540,0
1070,506,69,2,2510,0
1071,506,77,1,2500,0
1072,507,66,2,2590,0
1073,508,68,1,2680,0
1074,508,71,2,2360,0
1075,508,61,1,2600,0
1076,509,64,1,2600,0
1077,509,61,1,2600,0
1078,509,62,1,2900,0
1079,509,79,1,3500,0
1080,510,80,1,2540,0
1081,510,73,1,2405,0
1082,511,67,1,2690,0
1083,511,69,1,2510,0
1084,511,61,1,2600,0
1085,512,65,1,2640,0
1086,512,67,1,2690,0
1087,512,70,1,2356,0
1088,513,63,2,2540,0
1089,514,61,1,2600,0
1090,514,63,1,2540,0
1091,515,71,1,2360,0
1092,515,75,1,2587,0
1093,515,77,1,2500,0
1094,515,61,1,2600,0
1095,516,70,1,2356,0
1096,516,61,3,2600,0
1097,517,76,1,2514,0
1098,517,79,2,3500,0
1099,518,70,1,2356,0
1100,518,73,1,2405,0
1101,518,63,1,2540,0
1102,519,80,1,2540,0
1103,520,67,1,2690,0
1104,520,76,1,2514,0
1105,521,66,1,2590,0
1106,522,61,1,2600,0
1107,523,67,1,2690,0
1108,523,76,1,2514,0
1109,524,80,1,2540,0
1110,524,73,2,2405,0
1111,524,79,1,3500,0
1112,525,65,2,2640,0
1113,525,66,1,2590,0
1114,526,66,1,2590,0
1115,526,67,2,2690,0
1116,526,61,1,2600,0
1117,527,80,1,2540,0
1118,527,65,1,2640,0
1119,527,63,1,2540,0
1120,528,66,1,2590,0
1121,528,68,1,2680,0
1122,529,69,1,2510,0
1123,529,73,1,2405,0
1124,529,63,1,2540,0
1125,530,65,1,2640,0
1126,530,69,1,2510,0
1127,530,73,2,2405,0
1128,530,63,1,2540,0
1129,531,68,1,2680,0
1130,531,61,1,2600,0
1131,531,79,1,3500,0
1132,532,66,1,2590,0
1133,532,72,1,2530,0
1134,532,73,1,2405,0
1135,533,65,2,2640,0
1136,533,72,1,2530,0
1137,534,70,1,2356,0
1138,535,70,1,2356,0
1139,536,74,1,2600,0
1140,536,76,1,2514,0
1141,537,80,2,2540,0
1142,537,65,1,2640,0
1143,537,72,1,2530,0
1144,537,74,1,2600,0
1145,538,68,1,2680,0
1146,538,69,1,2510,0
1147,539,68,1,2680,0
1148,539,69,1,2510,0
1149,539,73,1,2405,0
1150,540,69,1,2510,0
1151,540,73,1,2405,0
1152,540,76,1,2514,0
1153,541,65,1,2640,0
1154,541,69,1,2510,0
1155,541,61,1,2600,0
1156,542,131,1,600,0
1157,542,135,1,130,0.01
1158,542,136,1,1650,0.05
1159,543,129,4,500,0.01
1160,543,135,1,130,0.01
1161,544,132,2,600,0
1162,544,133,1,300,0
1163,544,136,1,1650,0.05
1164,545,130,1,800,0.05
1165,545,136,2,1650,0.05
1166,546,130,1,800,0.05
1167,546,134,1,900,0
1168,546,135,1,130,0.01
1169,547,131,1,600,0
1170,547,133,1,300,0
1171,547,134,1,900,0
1172,547,136,2,1650,0.05
1173,548,133,1,300,0
1174,548,134,2,900,0
1175,549,131,1,600,0
1176,549,132,1,600,0
1177,549,134,1,900,0
1178,549,136,1,1650,0.05
1179,550,132,1,600,0
1180,550,134,1,900,0
1181,550,136,1,1650,0.05
1182,551,131,1,600,0
1183,551,133,1,300,0
1184,551,134,1,900,0
1185,551,136,1,1650,0.05
1186,552,129,1,500,0.01
1187,552,130,1,800,0.05
1188,552,134,1,900,0
1189,552,136,1,1650,0.05
1190,553,129,1,500,0.01
1191,553,130,1,800,0.05
1192,553,134,2,900,0
1193,554,135,3,130,0.01
1194,554,136,1,1650,0.05
1195,555,131,2,600,0
1196,555,134,1,900,0
1197,555,135,1,130,0.01
1198,556,130,1,800,0.05
1199,556,135,1,130,0.01
1200,556,136,2,1650,0.05
1201,557,131,1,600,0
1202,557,136,3,1650,0.05
1203,558,129,2,500,0.01
1204,558,131,1,600,0
1205,558,132,1,600,0
1206,558,134,1,900,0
1207,559,129,1,500,0.01
1208,559,131,1,600,0
1209,559,132,2,600,0
1210,559,133,1,300,0
1211,560,130,1,800,0.05
1212,560,134,1,900,0
1213,560,136,2,1650,0.05
1214,561,130,1,800,0.05
1215,561,132,1,600,0
1216,561,135,1,130,0.01
1217,562,130,1,800,0.05
1218,562,131,1,600,0
1219,562,134,1,900,0
1220,562,136,1,1650,0.05
1221,563,132,2,600,0
1222,563,133,1,300,0
1223,563,135,1,130,0.01
1224,563,136,1,1650,0.05
1225,564,129,1,500,0.01
1226,564,130,1,800,0.05
1227,564,131,1,600,0
1228,564,135,1,130,0.01
1229,565,130,1,800,0.05
1230,565,131,1,600,0
1231,565,132,1,600,0
1232,565,136,2,1650,0.05
1233,566,129,1,500,0.01
1234,566,131,1,600,0
1235,566,135,1,130,0.01
1236,566,136,2,1650,0.05
1237,567,129,1,500,0.01
1238,567,133,2,300,0
1239,567,134,1,900,0
1240,568,132,1,600,0
1241,568,133,1,300,0
1242,568,136,1,1650,0.05
1243,569,130,1,800,0.05
1244,569,133,1,300,0
1245,569,134,1,900,0
1246,570,135,1,130,0.01
1247,570,136,2,1650,0.05
1248,571,129,1,500,0.01
1249,571,133,1,300,0
1250,571,135,2,130,0.01
